Ranking,Player,Position,Team,Age,Prev Rank,Movement,Signed,ETA,In-Person Look,Tier,Player ID
1,Konnor Griffin,SS,PIT,19.4,1,0,2024,2027,Y,1,*05u3u*
2,Kevin McGonigle,"2B,SS",DET,21.1,2,0,2023,2026,Y,1,*05yby*
3,Jesus Made,SS,MIL,18.4,3,0,2024,2028,Y,2,*06ibv*
4,Sebastian Walcott,"3B,SS",TEX,19.6,4,0,2023,2026,Y,2,*0662o*
5,Samuel Basallo,"C,1B",BAL,21.1,5,0,2021,Debuted,Y,2,*05rbv*
6,JJ Wetherholt,SS,STL,23.1,6,0,2024,2025,Y,2,*06aw3*
7,Max Clark,OF,DET,20.8,7,0,2023,2026,Y,2,*05u9y*
8,Josue De Paula,OF,LAD,20.4,8,0,2022,2026,Y,2,*061zv*
9,Leodalis De Vries,SS,ATH,19,9,0,2024,2026,Y,2,*067yc*
10,Aidan Miller,SS,PHI,21.3,26,16,2023,2026,Y,3,*05u36*
11,Bryce Eldridge,1B,SF,20.9,11,0,2023,Debuted,Y,3,*05u96*
12,Zyhir Hope,OF,LAD,20.7,10,-2,2023,2026,Y,3,*06eyu*
13,Nolan McLean,P,NYM,24.2,20,7,2023,Debuted,,3,*05y7s*
14,Bubba Chandler,P,PIT,23,13,-1,2021,Debuted,Y,3,*05rik*
15,Colt Emerson,SS,SEA,20.2,28,13,2023,2026,Y,3,*060ub*
16,Walker Jenkins,OF,MIN,20.6,16,0,2023,2026,Y,3,*05u3v*
17,Carson Benge,OF,NYM,22.7,15,-2,2024,2026,Y,3,*06aly*
18,Eduardo Quintero,OF,LAD,20,17,-1,2023,2027,,3,*06c79*
19,Josue Briceno,"C,1B",DET,21,12,-7,2023,2026,Y,3,*0637j*
20,Bryce Rainer,SS,DET,20.2,18,-2,2024,2027,Y,3,*05yai*
21,Andrew Painter,P,PHI,22.5,14,-7,2021,2025,Y,4,*05r3i*
22,Travis Bazzana,2B,CLE,23.1,21,-1,2024,2025,,4,*05zde*
23,Sal Stewart,"2B,3B",CIN,21.8,23,0,2022,Debuted,Y,4,*05u9o*
24,Thomas White,P,MIA,21,24,0,2023,2026,Y,4,*05tp6*
25,Kade Anderson,P,SEA,21.2,25,0,2025,2026,,4,*05ydp*
26,Payton Tolle,P,BOS,22.9,33,7,2024,Debuted,Y,4,*06gwk*
27,Edward Florentino,1B,PIT,18.9,29,2,2024,2028,Y,4,*06mh4*
28,Luis Pena,SS,MIL,18.9,19,-9,2024,2028,Y,4,*06j3f*
29,Lazaro Montes,OF,SEA,20.9,22,-7,2022,2026,Y,4,*05rfc*
30,Caleb Bonemer,SS,CHW,20,31,1,2024,2027,Y,4,*06hea*
31,Robby Snelling,P,MIA,21.8,34,3,2022,2025,,5,*061mh*
32,Michael Arroyo,2B,SEA,20.9,35,3,2022,2026,,5,*05yid*
33,Carter Jensen,C,KC,22.2,48,15,2021,Debuted,Y,5,*05vy5*
34,Eli Willits,SS,WSH,17.8,37,3,2025,2028,,5,*06n8y*
35,Jonah Tong,P,NYM,22.3,38,3,2022,Debuted,Y,5,*0658b*
36,Jett Williams,SS,NYM,21.9,39,3,2022,2025,Y,5,*060la*
37,Seth Hernandez,P,PIT,19.3,32,-5,2025,2028,,5,*067yn*
38,Jaxon Wiggins,P,CHC,24,40,2,2023,2026,Y,5,*05u2p*
39,Ryan Sloan,P,SEA,19.7,41,2,2024,2027,,5,*06ier*
40,Joshua Baez,OF,STL,22.3,72,32,2021,2026,,5,*05rcf*
41,Jordan Lawlar,"2B,SS",ARI,23.3,42,1,2021,Debuted,Y,5,*05r1m*
42,Braden Montgomery,OF,CHW,22.4,43,1,2024,2026,Y,5,*05rcg*
43,Jonny Farmelo,OF,SEA,21.1,44,1,2023,2026,,5,*066sx*
44,Tyson Lewis,SS,CIN,19.7,36,-8,2024,2027,,5,*06mnk*
45,Gavin Fien,3B,TEX,18.6,46,1,2025,2028,Y,5,*06qyu*
46,Aiva Arquette,SS,MIA,22,47,1,2025,2027,,5,*06pg6*
47,Moises Ballesteros,C,CHC,21.9,77,30,2020,Debuted,Y,5,*05rbs*
48,Rainiel Rodriguez,C,STL,18.7,57,9,2024,2027,,5,*06mnp*
49,Alfredo Duno,C,CIN,19.7,58,9,2023,2026,Y,5,*06626*
50,Jojo Parker,SS,TOR,19.1,49,-1,2025,2028,,5,*06se6*
51,Steele Hall,SS,CIN,18.2,50,-1,2025,2028,,5,*06rw2*
52,George Lombard Jr.,SS,NYY,20.3,51,-1,2023,2026,Y,5,*06b72*
53,Emmanuel Rodriguez,OF,MIN,22.6,52,-1,2019,2025,Y,5,*054p6*
54,Ryan Waldschmidt,OF,ARI,23,61,7,2024,2026,Y,5,*06dlz*
55,Luis Morales,P,ATH,23,54,-1,2023,Debuted,,5,*0662m*
56,Travis Sykora,P,WSH,21.4,55,-1,2023,2026,Y,5,*05ycl*
57,Jarlin Susana,P,WSH,21.5,56,-1,2022,2026,Y,5,*05y7n*
58,Carson Williams,SS,TB,22.3,30,-28,2021,Debuted,Y,5,*05t9n*
59,Ryan Clifford,"1B,OF",NYM,22.2,59,0,2022,2026,Y,5,*05ge1*
60,Chase DeLauter,OF,CLE,24,60,0,2022,2026,Y,5,*05uei*
61,Ralphy Velazquez,1B,CLE,20.3,71,10,2023,2026,Y,5,*067yp*
62,Jamie Arnold,P,ATH,21.5,64,2,2025,2026,,6,*06ktt*
63,Brody Hopkins,P,TB,23.7,65,2,2023,2026,Y,6,*06f1b*
64,Dylan Beavers,OF,BAL,24.1,79,15,2022,Debuted,Y,6,*05xty*
65,Cooper Pratt,SS,MIL,21.1,53,-12,2023,2026,Y,6,*067xj*
66,Alex Freeland,SS,LAD,24.1,66,0,2022,Debuted,,6,*05xu1*
67,Mike Sirota,OF,LAD,22.3,68,1,2024,2026,,6,*066ip*
68,Theo Gillen,OF,TB,20.1,69,1,2024,2027,Y,6,*05u2m*
69,Owen Caissie,OF,CHC,23.2,70,1,2020,Debuted,Y,6,*05jsg*
70,Jhostynxon Garcia,OF,BOS,22.8,63,-7,2019,Debuted,Y,6,*05j8u*
71,Josuar De Jesus Gonzalez,SS,SF,18,91,20,2025,2028,,6,*06ps2*
72,Charlie Condon,OF,COL,22.5,73,1,2024,2026,Y,6,*06alk*
73,Liam Doyle,P,STL,21.3,74,1,2025,2026,,6,*06roc*
74,Ricky Tiedemann,P,TOR,23.1,75,1,2021,2026,Y,6,*05js6*
75,Cam Caminiti,P,ATL,19.1,76,1,2024,2026,Y,6,*062e0*
76,Trey Yesavage,P,TOR,22.2,78,2,2024,Debuted,Y,6,*06apx*
77,Dax Kilby,SS,NYY,18.9,156,79,2025,2028,,6,*06utg*
78,Luis Perales,P,BOS,22.5,100,22,2019,2026,Y,6,*05gd5*
79,Quinn Mathews,P,STL,25,80,1,2023,2025,,6,*060gd*
80,Hector Rodriguez,OF,CIN,21.6,81,1,2021,2026,,6,*05xse*
81,Aroon Escobar,2B,PHI,20.7,62,-19,2022,2027,Y,6,*06423*
82,Jacob Reimer,3B,NYM,21.6,84,2,2022,2026,Y,6,*06481*
83,Harry Ford,C,SEA,22.6,86,3,2021,Debuted,Y,6,*05raw*
84,Troy Melton,P,DET,24.8,87,3,2022,Debuted,Y,6,*05uc4*
85,Angel Genao,SS,CLE,21.4,45,-40,2021,2026,Y,6,*05r5e*
86,Kaelen Culpepper,SS,MIN,22.8,88,2,2024,2026,Y,6,*06hx4*
87,Arjun Nimmala,SS,TOR,20,85,-2,2023,2026,Y,6,*05y3p*
88,Ethan Holliday,3B,COL,18.6,90,2,2025,2028,,6,*062cx*
89,Juneiker Caceres,OF,CLE,18.1,121,32,2024,2028,Y,6,*06mmx*
90,Cam Collier,3B,CIN,20.9,67,-23,2022,2026,Y,6,*05u1y*
91,Carlos Lagrange,P,NYY,22.4,92,1,2022,2026,Y,7,*062h4*
92,Kendry Chourio,P,KC,18,127,35,2025,2029,Y,7,*06rm6*
93,Trey Gibson,P,BAL,23.4,93,0,2023,2025,Y,7,*06mc1*
94,Gage Jump,P,ATH,22.5,94,0,2024,2026,Y,7,*05t9g*
95,Khal Stephen,P,CLE,22.8,95,0,2024,2027,Y,7,*06nub*
96,J.R. Ritchie,P,ATL,22.3,96,0,2022,2026,Y,7,*05tzo*
97,Michael Forret,P,BAL,21.5,97,0,2023,2026,Y,7,*06hwt*
98,Noah Schultz,P,CHW,22.2,98,0,2022,2026,Y,7,*05uc7*
99,Hunter Barco,P,PIT,24.8,99,0,2022,Debuted,Y,7,*04nb5*
100,Eduardo Tait,C,MIN,19.1,82,-18,2023,2027,Y,7,*06bsb*
101,Luke Dickerson,SS,WSH,20.1,89,-12,2024,2027,Y,7,*06mne*
102,Johnny King,P,TOR,19.2,101,-1,2024,2027,,7,*06n3o*
103,Caden Scarborough,P,TEX,20.5,102,-1,2023,2026,Y,7,*06f1j*
104,Tyler Bremner,P,LAA,21.4,103,-1,2025,2026,,7,*06icx*
105,Logan Henderson,P,MIL,23.6,104,-1,2021,Debuted,Y,7,*05uo2*
106,Hagen Smith,P,CHW,22.1,114,8,2024,2026,Y,7,*05zd4*
107,Didier Fuentes,P,ATL,20.3,106,-1,2022,Debuted,Y,7,*064zm*
108,Kash Mayfield,P,SD,20.6,107,-1,2024,2027,Y,7,*06lp4*
109,Owen Murphy,P,ATL,22,109,0,2022,2026,Y,7,*062pm*
110,Emil Morales,SS,LAD,19,111,1,2024,2027,,7,*06ibo*
111,Justin Crawford,OF,PHI,21.7,112,1,2022,2026,Y,7,*05y30*
112,Jose Corniell,P,TEX,22.3,113,1,2019,2026,Y,7,*05gx5*
113,Kruz Schoolcraft,P,SD,18.5,142,29,2025,2028,,7,*064wj*
114,Kyson Witherspoon,P,BOS,21.1,115,1,2025,2027,,7,*06ms5*
115,Brandon Sproat,P,NYM,25,116,1,2023,Debuted,,7,*0515o*
116,Jack Perkins,P,ATH,25.8,117,1,2022,Debuted,Y,7,*0657l*
117,Bo Davidson,OF,SF,23.2,135,18,2023,2026,Y,7,*06hua*
118,Slade Caldwell,OF,ARI,19.3,118,0,2024,2027,Y,7,*06agr*
119,Billy Carlson,SS,CHW,19.2,119,0,2025,2028,,7,*06alq*
120,Bishop Letson,P,MIL,21,198,78,2023,2026,Y,8,*06gjw*
121,Connelly Early,P,BOS,23.5,191,70,2023,Debuted,Y,8,*06f1r*
122,T.J. Nichols,P,TB,23.3,122,0,2023,2026,Y,8,*05ucb*
123,Brock Wilken,3B,MIL,23.3,123,0,2023,2026,Y,8,*05ubi*
124,A.J. Ewing,"2B,OF",NYM,21.1,124,0,2023,2026,Y,8,*06dn7*
125,Brice Matthews,"2B,3B,SS",HOU,23.5,125,0,2023,Debuted,Y,8,*06c36*
126,Gage Stanifer,P,TOR,21.9,126,0,2022,2026,,8,*066fg*
127,Franklin Arias,"2B,SS",BOS,19.9,110,-17,2023,2027,Y,8,*06c78*
128,Felnin Celesten,SS,SEA,20,128,0,2023,2027,Y,8,*05mx9*
129,Chase Harlan,3B,LAD,19.2,129,0,2024,2027,,8,*06kjz*
130,C.J. Kayfus,"1B,OF",CLE,23.9,130,0,2023,Debuted,Y,8,*06dn6*
131,Thayron Liranzo,"C,1B",DET,22.2,131,0,2021,2026,Y,8,*05r64*
132,Elmer Rodriguez-Cruz,P,NYY,22.1,165,33,2021,2026,Y,8,*05xoo*
133,Santiago Suarez,P,TB,20.7,132,-1,2022,2026,Y,8,*0620x*
134,Jurrangelo Cijntje,P,SEA,22.3,133,-1,2024,2026,Y,8,*060m8*
135,Jonathan Santucci,P,NYM,22.8,134,-1,2024,2026,,8,*060ue*
136,Luke Adams,"1B,3B",MIL,21.4,178,42,2022,2026,Y,8,*06582*
137,Charlee Soto,P,MIN,20.1,147,10,2023,2026,Y,8,*05zq5*
138,Daniel Eagen,P,ARI,22.9,138,0,2024,2026,Y,8,*06o03*
139,Ethan Conrad,"1B,OF",CHC,21.2,140,1,2025,2027,,8,*06pll*
140,Elian Pena,SS,NYM,18,141,1,2025,2029,,8,*06m0g*
141,Jonathon Long,1B,CHC,23.7,214,73,2023,2025,Y,8,*06fwm*
142,Josh Adamczewski,SS,MIL,20.4,161,19,2023,2027,Y,8,*06hth*
143,Tommy Troy,SS,ARI,23.7,144,1,2023,2026,Y,8,*05jse*
144,Marco Dinges,UT,MIL,22.1,159,15,2024,2027,Y,8,*06o0e*
145,Nestor German,P,BAL,23.6,146,1,2023,2026,Y,8,*06gjv*
146,JD Dix,SS,ARI,20,136,-10,2024,2027,,8,*066j0*
147,Jhonny Level,SS,SF,18.5,137,-10,2024,2028,,8,*06ich*
148,Alejandro Rosario,P,TEX,23.7,148,0,2023,2027,Y,8,*05jri*
149,Ty Johnson,P,TB,24,149,0,2023,2026,Y,8,*06htl*
150,Antwone Kelly,P,PIT,22.1,238,88,2021,2026,Y,8,*06bpq*
151,Braylon Doughty,P,CLE,19.8,150,-1,2024,2027,Y,8,*06kk6*
152,Jeferson Quero,C,MIL,23,151,-1,2019,2025,Y,8,*05gss*
153,Ike Irish,C,BAL,21.8,152,-1,2025,2027,,8,*06c10*
154,Gage Wood,P,PHI,21.8,153,-1,2025,2026,,8,*06ujt*
155,Justin Gonzales,1B,BOS,18.8,154,-1,2024,2028,Y,8,*06mff*
156,Parker Messick,P,CLE,24.9,155,-1,2022,Debuted,Y,8,*05tzn*
157,George Klassen,P,LAA,23.7,221,64,2023,2025,Y,8,*067xm*
158,Braylon Payne,OF,MIL,19.1,162,4,2024,2027,Y,8,*06kkf*
159,Aron Estrada,"2B,SS",BAL,20.7,157,-2,2022,2026,Y,8,*0630n*
160,Nate George,OF,BAL,19.3,179,19,2024,2028,Y,8,*06qr6*
161,Cole Carrigg,OF,COL,23.4,158,-3,2023,2026,,8,*066eo*
162,Esmerlyn Valdez,"1B,OF",PIT,21.7,173,11,2021,2027,Y,8,*05rbw*
163,Yohendrick Pinango,OF,TOR,23.4,204,41,2018,2025,Y,8,*04z8z*
164,Jacob Melton,OF,HOU,25.1,160,-4,2022,Debuted,Y,8,*061gx*
165,Ethan Frey,OF,HOU,21.5,299,134,2025,2027,,8,*06yjs*
166,Jaison Chourio,OF,CLE,20.4,229,63,2022,2027,Y,8,*05yix*
167,Adam Serwinowski,P,CIN,21.3,163,-4,2022,2026,Y,9,*066az*
168,Ben Hess,P,NYY,23.1,164,-4,2024,2026,Y,9,*066iq*
169,Ethan Pecko,P,HOU,23.1,272,103,2023,2026,Y,9,*06f14*
170,Christian Oppor,P,CHW,21.2,166,-4,2023,2027,Y,9,*06f1q*
171,Esteban Mejia,P,BAL,18.6,167,-4,2024,2027,,9,*06jfn*
172,Kendry Rojas,P,MIN,22.8,193,21,2020,2026,Y,9,*05rgq*
173,David Shields,P,KC,19.1,168,-5,2024,2027,Y,9,*06kke*
174,Mitch Bratt,P,ARI,22.2,169,-5,2021,2026,Y,9,*05xq2*
175,Juan Valera,P,BOS,19.4,170,-5,2023,2027,Y,9,*06mlb*
176,Demetrio Crisantes,2B,ARI,21.1,171,-5,2022,2027,,9,*064o4*
177,Tanner McDougal,P,CHW,22.5,172,-5,2021,2026,Y,9,*05xpj*
178,David Davalillo,P,TEX,23,180,2,2022,2026,Y,9,*06mio*
179,Edgar Montero,SS,ATH,18.9,174,-5,2024,2029,,9,*06icg*
180,Kevin Alcantara,OF,CHC,23.2,175,-5,2018,Debuted,Y,9,*04qow*
181,Tyson Hardin,P,MIL,23.9,176,-5,2024,2026,,9,*06qng*
182,Spencer Jones,OF,NYY,24.4,120,-62,2022,2026,Y,9,*04yi8*
183,Jefferson Rojas,SS,CHC,20.4,83,-100,2022,2026,Y,9,*061wh*
184,Jesus Baez,"3B,SS",STL,20.6,145,-39,2022,2026,Y,9,*061rf*
185,Alex Clemmey,P,WSH,20.2,194,9,2023,2026,Y,9,*06bfu*
186,Yoniel Curet,P,TB,22.9,139,-47,2019,2027,Y,9,*05uec*
187,Cooper Ingle,C,CLE,23.6,181,-6,2023,2026,Y,9,*06f0p*
188,Gavin Kilen,SS,SF,21.5,182,-6,2025,2027,,9,*05yd3*
189,Jace Laviolette,OF,CLE,21.8,183,-6,2025,2027,Y,9,*067zb*
190,Jared Thomas,OF,COL,22.3,184,-6,2024,2026,,9,*06mpb*
191,Joe Mack,C,MIA,22.8,185,-6,2021,2026,Y,9,*05rcd*
192,Henry Bolte,OF,ATH,22.2,186,-6,2022,2026,Y,9,*05y7t*
193,Aidan Smith,OF,TB,21.2,255,62,2023,2026,Y,9,*06dq9*
194,Xavier Neyens,3B,HOU,18.9,188,-6,2025,2028,,9,*05yak*
195,Max Anderson,2B,DET,23.6,218,23,2023,2026,Y,9,*06dmp*
196,Devin Taylor,OF,ATH,21.7,190,-6,2025,2026,,9,*06c0z*
197,David Hagaman,P,ARI,22.5,242,45,2024,2027,,9,*06onz*
198,Brendan Summerhill,OF,TB,21.9,192,-6,2025,2027,,9,*06mpr*
199,Dasan Hill,P,MIN,19.8,195,-4,2024,2027,,9,*06mnh*
200,Mick Abel,P,MIN,24.1,196,-4,2020,Debuted,Y,9,*05g4k*
201,Jackson Ferris,P,LAD,21.7,197,-4,2022,2026,,9,*05u6g*
202,Cris Rodriguez,OF,DET,17.7,243,41,2025,2029,,9,*06ps4*
203,LuJames Groover,3B,ARI,23.5,264,61,2023,2026,Y,9,*05yj5*
204,Quentin Young,SS,MIN,18.6,199,-5,2025,2028,,9,*05yat*
205,Kayson Cunningham,SS,ARI,19.3,200,-5,2025,2028,,9,*067z9*
206,Jack Wenninger,P,NYM,23.6,222,16,2023,2026,,9,*06f1c*
207,Josh Hammond,3B,KC,19,201,-6,2025,2028,,9,*06cqi*
208,Daniel Pierce,SS,TB,19.2,202,-6,2025,2028,,9,*06se8*
209,Kohl Drake,P,ARI,25.2,203,-6,2022,2025,Y,9,*066m0*
210,Drew Gilbert,OF,SF,25,215,5,2022,Debuted,Y,9,*05xu0*
211,Ethan Dorchies,P,MIL,18.9,205,-6,2024,2027,Y,9,*06quu*
212,Bryce Cunningham,P,NYY,22.8,206,-6,2024,2026,Y,9,*06l3m*
213,Jose Urbina,P,TB,19.9,207,-6,2023,2027,Y,9,*069xw*
214,Winston Santos,P,TEX,23.5,273,59,2019,2026,Y,9,*061lj*
215,Andrew Fischer,3B,MIL,21.4,209,-6,2025,2026,,9,*06k7t*
216,Brailer Guerrero,OF,TB,19.3,210,-6,2023,2027,Y,10,*066mz*
217,Gabriel Davalillo,C,LAA,17.9,211,-6,2025,2029,,10,*06qsf*
218,Braden Nett,P,ATH,23.3,212,-6,2022,2025,Y,10,*066a6*
219,Trevor Harrison,P,TB,20.1,213,-6,2023,2027,Y,10,*06f1o*
220,Luis Cova,OF,MIA,18.7,285,65,2024,2028,,10,*06ibu*
221,Kevin Alvarez,OF,HOU,17.7,216,-5,2025,2029,,10,*06psn*
222,Eric Bitonti,3B,MIL,19.9,296,74,2023,2026,Y,10,*05yed*
223,Josh Owens,SS,TEX,18.7,217,-6,2025,2028,Y,10,*06vxu*
224,Sam Antonacci,2B,CHW,22.7,287,63,2024,2026,Y,10,*06plc*
225,Hao-Yu Lee,2B,DET,22.7,219,-6,2021,2025,Y,10,*05u2k*
226,Juan Sanchez,SS,TOR,18,220,-6,2025,2028,,10,*06rgw*
227,Sean Linan,P,WSH,20.9,308,81,2022,2027,,10,*06l0n*
228,Brandon Compton,OF,MIA,21.9,208,-20,2025,2027,,10,*06mhy*
229,Gary Gill Hill,P,TB,21,223,-6,2022,2026,Y,10,*064o6*
230,Gabriel Gonzalez,OF,MIN,21.7,224,-6,2021,2026,Y,10,*05rcs*
231,Wehiwa Aloy,2B,BAL,21.7,225,-6,2025,2027,,10,*06c7b*
232,Nelson Rada,OF,LAA,20.1,226,-6,2022,2027,,10,*05yib*
233,Brandon Winokur,"SS,OF",MIN,20.8,227,-6,2023,2026,Y,10,*06dnc*
234,Ching-Hsien Ko,"OF,UT",LAD,19.1,230,-4,2024,2028,,10,*06oh1*
235,Connor Prielipp,P,MIN,24.7,231,-4,2022,2026,Y,10,*05joq*
236,Rafael Flores,"C,1B",PIT,24.9,232,-4,2022,Debuted,Y,10,*06f0k*
237,Leonardo Bernal,C,STL,21.6,233,-4,2021,2026,Y,10,*05rcw*
238,Joey Oakie,P,CLE,19.4,300,62,2024,2027,,10,*06hf0*
239,Argenis Cayama,P,SF,19,234,-5,2024,2028,,10,*06kru*
240,Dorian Soto,SS,BOS,17.6,235,-5,2025,2029,,10,*06qhh*
241,Rhett Lowder,P,CIN,23.6,236,-5,2023,Debuted,,10,*061bo*
242,Christian Zazueta,P,LAD,21,237,-5,2022,2027,,10,*06207*
243,Blake Burke,1B,MIL,22.3,352,109,2024,2026,,10,*062jb*
244,Landon Harmon,P,WSH,19.1,239,-5,2025,2028,,10,*06pp5*
245,Handelfry Encarnacion,OF,MIL,18.3,240,-5,2024,2028,,10,*06kv2*
246,Welbyn Francisca,"2B,SS",CLE,19.4,189,-57,2023,2027,Y,10,*066mk*
247,Miguel Mendez,P,SD,23.3,265,18,2021,2026,Y,10,*06r8f*
248,Levi Wells,P,BAL,24,468,220,2023,2026,Y,10,*067xi*
249,Karson Milbrandt,P,MIA,21.4,305,56,2022,2026,,10,*062z7*
250,Juaron Watts-Brown,P,BAL,23.6,311,61,2023,2026,Y,10,*062k6*
251,Thomas Harrington,P,PIT,24.2,244,-7,2022,Debuted,Y,10,*05zya*
252,Yolfran Castillo,SS,TEX,18.6,245,-7,2024,2028,Y,10,*06icj*
253,Zac Veen,OF,COL,23.8,246,-7,2020,Debuted,Y,10,*05gbg*
254,Charles Davalan,OF,LAD,21.8,247,-7,2025,2027,Y,10,*06rvt*
255,Jaden Fauske,OF,CHW,18.9,248,-7,2025,2028,,10,*06y9u*
256,Slater De Brun,OF,BAL,18.3,249,-7,2025,2028,,10,*06qz8*
257,John Gil,SS,ATL,19.4,346,89,2023,2027,Y,10,*06hsz*
258,Brady Ebel,SS,MIL,18.2,250,-8,2025,2028,,10,*06alr*
259,Termarr Johnson,"2B,SS",PIT,21.3,187,-72,2022,2026,Y,10,*05rc5*
260,Dante Nori,OF,PHI,21,251,-9,2024,2027,Y,10,*06ien*
261,Alex Lodise,SS,ATL,21.6,252,-9,2025,2026,Y,10,*06se7*
262,Nick Becker,SS,SEA,18.8,253,-9,2025,2028,,10,*06utc*
263,Devin Fitz-Gerald,SS,TEX,20.1,313,50,2024,2027,Y,10,*06p5z*
264,Kyle DeBarge,2B,MIN,22.2,256,-8,2024,2026,Y,10,*06kkg*
265,Tre Morgan,1B,TB,23.2,257,-8,2023,2025,Y,10,*05wrt*
266,Dean Curley,SS,CLE,21.5,258,-8,2025,2027,,10,*06ksc*
267,Bryce Meccage,P,MIL,19.5,259,-8,2024,2026,Y,10,*06mnf*
268,Hendry Mendez,OF,MIN,21.9,325,57,2020,2026,Y,10,*05rhb*
269,Robert Calaz,OF,COL,19.9,261,-8,2023,2027,,10,*066mo*
270,Luke Stevenson,C,SEA,21.2,341,71,2025,2027,,10,*06ieq*
271,Jimmy Crooks,C,STL,24.2,262,-9,2022,Debuted,Y,10,*06434*
272,Tink Hence,P,STL,23.2,254,-18,2020,2026,Y,10,*05jpx*
273,Parks Harber,3B,SF,24,452,179,2024,2027,,10,*06qlr*
274,Boston Bateman,P,BAL,20,301,27,2024,2027,,11,*06kkb*
275,Tai Peete,SS,SEA,20.1,266,-9,2023,2026,,11,*06c7i*
276,Ryan Bergert,P,KC,25.6,267,-9,2021,Debuted,Y,11,*05xpo*
277,Eli Serrano,OF,NYM,22.4,268,-9,2024,2026,Y,11,*06ajk*
278,Will Watson,P,NYM,22.9,269,-9,2024,2026,Y,11,*06pqe*
279,Jorge Quintana,SS,SD,18.5,270,-9,2024,2028,,11,*06ibm*
280,Yhoiker Fajardo,P,BOS,19,271,-9,2024,2028,,11,*06mcc*
281,Mason Neville,OF,CIN,21.7,317,36,2025,2027,,11,*06ute*
282,Enrique Bradfield Jr.,OF,BAL,23.8,274,-8,2023,2026,Y,11,*05jre*
283,Blake Mitchell,C,KC,21.2,275,-8,2023,2026,Y,11,*05y3q*
284,Braxton Bragg,P,BAL,24.9,276,-8,2023,2026,Y,11,*06fzr*
285,Ethan Petry,3B,WSH,21.3,277,-8,2025,2027,Y,11,*05yff*
286,Joseph Sullivan,OF,HOU,23.3,241,-45,2024,2026,Y,11,*06qgp*
287,RJ Schreck,OF,TOR,25.2,263,-24,2023,2025,Y,11,*0603l*
288,Xavier Isaac,1B,TB,21.8,280,-8,2022,2026,Y,11,*062pp*
289,Arnaldo Lantigua,OF,CIN,19.8,281,-8,2023,2027,,11,*066mp*
290,Austin Overn,OF,BAL,22.4,282,-8,2024,2026,Y,11,*06col*
291,Chase Petty,P,CIN,22.5,283,-8,2021,Debuted,,11,*05raz*
292,Wellington Aracena,P,BAL,20.8,284,-8,2022,2027,,11,*06m7d*
293,Dillon Lewis,OF,NYY,22.3,328,35,2024,2027,Y,11,*06pi9*
294,Humberto Cruz,P,SD,18.8,286,-8,2024,2028,,11,*06jbn*
295,Kevin Defrank,P,MIA,17.1,324,29,2025,2029,,11,*06rgh*
296,Briggs McKenzie,P,ATL,19,288,-8,2025,2028,,11,*06rw3*
297,Cam Leiter,P,LAD,21.7,289,-8,2025,2027,,11,*06k4w*
298,Matthew Fisher,P,PHI,19.6,290,-8,2025,2028,,11,*06uth*
299,AJ Russell,P,TEX,21.3,291,-8,2025,2027,,11,*06cmi*
300,Riley Quick,P,MIN,21.4,292,-8,2025,2027,,11,*06rrl*
301,Patrick Forbes,P,ARI,21.2,293,-8,2025,2027,,11,*06roe*
302,Zach Root,P,LAD,21.7,294,-8,2025,2027,,11,*06kxc*
303,Anthony Eyanson,P,BOS,21,295,-8,2025,2027,,11,*06mph*
304,Gavin Turley,OF,ATH,21.9,601,297,2025,2027,,11,*05y7w*
305,Trey Gregory-Alford,P,LAA,19.4,323,18,2024,2027,,11,*06kk7*
306,Roc Riggio,2B,COL,23.3,298,-8,2023,2026,Y,11,*060fx*
307,Nate Dohm,P,STL,22.7,299,-8,2024,2026,,11,*06nug*
308,Jeral Perez,"2B,SS",CHW,20.9,369,61,2022,2026,Y,11,*061mj*
309,Carson Whisenhunt,P,SF,25,302,-7,2022,Debuted,Y,11,*05y7v*
310,Luis De Leon,P,BAL,22.5,303,-7,2021,2026,Y,11,*06ckl*
311,Joe Whitman,P,SF,24,304,-7,2023,2026,,11,*06c1l*
312,Keyner Martinez,P,SF,21.1,306,-6,2023,2027,,11,*06ut2*
313,Coy James,SS,WSH,18.6,358,45,2025,2028,,11,*06alw*
314,Diego Tornes,OF,ATL,17.2,375,61,2025,2029,,11,*06qhe*
315,Sean Gamble,SS,KC,19.2,312,-3,2025,2028,,11,*062cy*
316,Marek Houston,SS,MIN,21.5,360,44,2025,2027,,11,*06mps*
317,Aidan West,SS,LAD,18.4,314,-3,2025,2028,,11,*06z9d*
318,Mitch Voit,"2B,P",NYM,21,315,-3,2025,2027,,11,*06cmf*
319,Anderson Brito,P,HOU,21.2,316,-3,2023,2027,Y,11,*06me7*
320,Yorger Bautista,OF,SEA,18,310,-10,2025,2029,,11,*06ps3*
321,Ramon Ramirez,C,KC,20.3,318,-3,2023,2027,Y,11,*06cn0*
322,Roldy Brito,2B,COL,18.5,319,-3,2024,2028,,11,*06kui*
323,Max Belyeu,OF,COL,21.8,338,15,2025,2028,,11,*06mpu*
324,K.C. Hunt,P,MIL,25.2,321,-3,2022,2026,,12,*066b3*
325,Brendan Tunink,OF,LAD,20,297,-28,2024,2027,,12,*06q33*
326,Miguel Ullola,P,HOU,23.3,309,-17,2021,2025,Y,12,*061xq*
327,Wei-En Lin,P,ATH,19.9,415,88,2024,2027,,12,*06op3*
328,Kellon Lindsey,SS,LAD,20,326,-2,2024,2027,,12,*06kxe*
329,Abimelec Ortiz,1B,TEX,23.6,327,-2,2021,2025,Y,12,*05uv5*
330,Josh Hartle,P,CLE,22.5,434,104,2024,2026,,12,*05t7b*
331,Lucas Spence,OF,HOU,22.7,329,-2,2024,2027,Y,12,*06qjw*
332,Dauri Fernandez,2B,CLE,18.6,330,-2,2024,2028,,12,*06kxm*
333,Edwin Arroyo,SS,CIN,22.1,331,-2,2021,2026,Y,12,*05rcj*
334,Franyerber Montilla,"2B,SS",DET,20.5,332,-2,2022,2026,Y,12,*064og*
335,Andrew Salas,SS,MIA,17.6,333,-2,2025,2029,,12,*06psm*
336,J.D. Thompson,P,MIL,22,373,37,2025,2028,,12,*06r4c*
337,James Triantos,2B,CHC,22.7,335,-2,2021,2026,Y,12,*05ucf*
338,Starlyn Caba,SS,MIA,19.8,336,-2,2023,2027,Y,12,*066mx*
339,Adrian Bohorquez,P,MIN,20.6,386,47,2023,2026,Y,12,*06ltf*
340,Jacob Bresnahan,P,SF,20.3,337,-3,2023,2026,Y,12,*06ht3*
341,Brendan Jones,OF,NYY,23.4,403,62,2024,2026,Y,12,*06lp5*
342,Taitn Gray,C,TB,18.1,339,-3,2025,2028,,12,*06y9r*
343,Caden Bodine,C,BAL,21.8,340,-3,2025,2027,Y,12,*06c5r*
344,Ethan Salas,C,SD,19.3,278,-66,2023,2026,Y,12,*05ybr*
345,Liomar Martinez,P,MIA,20.3,545,200,2022,2027,,12,*06s7q*
346,Dylan Jordan,P,LAA,20,416,70,2024,2027,,12,*06p61*
347,Henry Baez,P,ATH,23,342,-5,2021,2026,,12,*05iyp*
348,Angel Feliz,SS,WSH,21.6,343,-5,2024,2028,Y,12,*06ibw*
349,Wyatt Sanford,SS,PIT,19.9,344,-5,2024,2027,Y,12,*06mnl*
350,Griffin Burkholder,OF,PHI,20.1,345,-5,2024,2027,Y,12,*06mnj*
351,Ryan Forcucci,P,HOU,22.8,374,23,2024,2026,,12,*06kkj*
352,Dakota Jordan,OF,SF,22.4,347,-5,2024,2026,,12,*067yf*
353,River Ryan,P,LAD,27.1,348,-5,2021,Debuted,,12,*05ynx*
354,Druw Jones,OF,ARI,21.8,349,-5,2022,2026,,12,*05tdk*
355,Blade Tidwell,P,SF,24.3,350,-5,2022,2025,,12,*05u2q*
356,Tekoah Roby,P,STL,24,351,-5,2020,2026,Y,12,*05jqh*
357,Pedro Ramirez,"2B,3B",CHC,21.5,446,89,2021,2026,Y,12,*05vy9*
358,Leandro Lopez,P,TEX,23.3,353,-5,2021,2026,Y,12,*06pfc*
359,Bryce Mayer,P,HOU,23.6,322,-37,2024,2027,,12,*06qra*
360,Cooper Flemming,SS,TB,19.2,354,-6,2025,2028,,12,*06yxh*
361,Landyn Vidourek,OF,LAD,21.9,355,-6,2025,2028,,12,*06yqy*
362,Tim Piasentin,3B,TOR,18.5,356,-6,2025,2028,,12,*06z7i*
363,Sam Petersen,OF,WSH,22.7,357,-6,2024,2027,Y,12,*06o08*
364,Kyle Carr,P,NYY,23.4,378,14,2023,2026,Y,12,*06dmq*
365,Tate Southisene,SS,ATL,19,359,-6,2025,2028,Y,12,*06rry*
366,Jaron DeBerry,P,MIL,23.1,381,15,2024,2026,,12,*06o8r*
367,Cam Cannarella,OF,MIA,22.1,361,-6,2025,2027,Y,12,*06c1j*
368,Clark Elliott,OF,ATH,25,651,283,2022,2026,,12,*0603n*
369,James Tibbs,OF,LAD,23,362,-7,2024,2026,Y,12,*066ir*
370,Nick Morabito,OF,NYM,22.4,364,-6,2022,2026,Y,12,*0630l*
371,Raudi Rodriguez,OF,LAA,22.2,683,312,2023,2027,,12,*06hoc*
372,Jesus Rodriguez,"C,3B",SF,23.4,365,-7,2018,2026,Y,12,*052h8*
373,Gabriel Rincones Jr.,OF,PHI,24.6,366,-7,2022,2026,Y,12,*0630f*
374,Miguel Bleis,OF,BOS,21.6,367,-7,2021,2026,Y,12,*05m1c*
375,Richard Matic,3B,NYY,18.2,368,-7,2024,2028,,12,*06jd5*
376,Seaver King,SS,WSH,22.4,462,86,2024,2026,Y,12,*06cq7*
377,Tommy White,3B,ATH,22.6,370,-7,2024,2026,Y,12,*05tp7*
378,Sterlin Thompson,OF,COL,24.3,923,545,2022,2026,Y,12,*05jsc*
379,Blaze Jordan,"1B,3B",BOS,22.8,371,-8,2020,2026,Y,12,*04nq4*
380,Johnny Slawinski,P,LAA,18.6,372,-8,2025,2028,,12,*06y9s*
381,Owen Carey,OF,ATL,19.2,363,-18,2024,2027,Y,12,*06qrv*
382,Elorky Rodriguez,OF,TEX,17.8,390,8,2025,2029,,12,*06rib*
383,Patrick Copen,P,LAD,23.6,334,-49,2023,2026,,12,*06at2*
384,Jadher Areinamo,"2B,SS",TB,21.8,376,-8,2021,2026,Y,12,*062l0*
385,Johan De Los Santos,SS,PIT,17.2,377,-8,2025,2030,,12,*06r9b*
386,Deniel Ortiz,3B,STL,21.1,420,34,2024,2027,,12,*06pg4*
387,Chase Shores,"1B,3B,SP",LAA,21.4,379,-8,2025,2026,,12,*05ydu*
388,Ryan Gallagher,P,MIN,22.7,380,-8,2024,2026,,12,*062j9*
389,Enddy Azocar,OF,BOS,18.6,422,33,2024,2028,Y,12,*06nln*
390,PJ Morlando,OF,MIA,20.4,382,-8,2024,2027,Y,12,*06328*
391,Izaac Pacheco,3B,DET,22.9,591,200,2021,2027,Y,12,*05rax*
392,Yohandy Morales,"1B,3B",WSH,24,383,-9,2023,2026,Y,12,*05js4*
393,Ben Kudrna,P,KC,22.7,320,-73,2021,2026,Y,12,*05t9i*
394,Juan Brito,"1B,2B,3B",CLE,24,385,-9,2018,2026,Y,12,*05yhe*
395,Kalai Rosario,OF,MIN,23.3,568,173,2020,2026,Y,12,*05js9*
396,Kemp Alderman,OF,MIA,23.1,551,155,2023,2026,Y,12,*06ahe*
397,Brendan Girton,P,NYM,23.9,431,34,2024,2027,Y,12,*06qid*
398,Will Sanders,P,CHC,23.5,387,-11,2023,2026,Y,12,*05jsf*
399,Brandon Clarke,P,BOS,22.5,388,-11,2024,2026,Y,12,*06qif*
400,Noble Meyer,P,MIA,20.7,389,-11,2023,2026,,12,*062yr*
401,Cobb Hightower,SS,BAL,20.5,391,-10,2024,2027,,12,*06o8p*
402,Cristian Arguelles,OF,COL,18.3,392,-10,2024,2028,,12,*06kkn*
403,Walker Janek,C,HOU,19,393,-10,2024,2026,Y,12,*06kkk*
404,Josiah Hartshorn,1B,CHC,18.7,394,-10,2025,2028,,12,*06ifw*
405,Zach Ehrhard,OF,LAD,22.7,583,178,2024,2026,Y,12,*066l0*
406,James Quinn-Irons,OF,TB,22.3,441,35,2025,2027,,12,*06vxv*
407,Zach Thornton,P,NYM,22.7,395,-12,2023,2026,,12,*06ekq*
408,Luinder Avila,P,KC,24.1,396,-12,2018,Debuted,Y,12,*06am5*
409,David Sandlin,P,BOS,24.6,228,-181,2022,2026,Y,12,*062pn*
410,Angel De Los Santos,2B,DET,17.6,397,-13,2025,2029,,12,*06ytb*
411,Hayden Alvarez,OF,LAA,18.5,398,-13,2024,2029,,12,*06jfc*
412,Mikey Romero,SS,BOS,21.7,458,46,2022,2026,Y,12,*05y7y*
413,Juan Cabada,SS,CHC,17.4,670,257,2025,2029,,12,*06qsc*
414,Kendall George,OF,LAD,20.9,526,112,2023,2026,,12,*06cql*
415,Jordan Sanchez,OF,BAL,20,400,-15,2024,2027,Y,12,*06ie9*
416,Parker Smith,P,HOU,22.6,581,165,2024,2026,,12,*06oo2*
417,Stharlin Torres,P,CIN,19.3,402,-15,2024,2028,,12,*06o0r*
418,Christopher Suero,"C,1B,OF",NYM,21.7,431,13,2022,2026,Y,12,*06lfg*
419,Korbyn Dickerson,OF,SEA,21.9,404,-15,2025,2027,,12,*067zd*
420,Ryan Mitchell,SS,STL,18.7,405,-15,2025,2028,,12,*06y9v*
421,Marcus Phillips,P,BOS,21.2,406,-15,2025,2027,,12,*06utf*
422,Aaron Watson,P,CIN,18.7,407,-15,2025,2028,,12,*06qz9*
423,Luke Sinnard,P,ATL,22.9,408,-15,2024,2026,Y,12,*06c8x*
424,Callan Moss,1B,PIT,22.1,409,-15,2024,2026,Y,12,*06pk8*
425,Charles McAdoo,3B,TOR,23.6,651,226,2023,2025,Y,12,*06f0z*
426,Cooper Kinney,2B,TB,21.8,410,-16,2021,2026,Y,12,*05ua8*
427,Andrew Walters,P,CLE,24.8,411,-16,2023,Debuted,,12,*061a8*
428,Craig Yoho,P,MIL,25.9,412,-16,2023,Debuted,,12,*06fzq*
429,Payton Eeles,"2B,SS",MIN,25.9,413,-16,2024,2026,Y,12,*06ltg*
430,Sean Keys,3B,TOR,22.4,500,70,2024,2026,Y,12,*06oo7*
431,Wilder Dalis,3B,COL,19.2,414,-17,2023,2028,,12,*06r8g*
432,Anthony Huezo,OF,HOU,19.9,481,49,2023,2027,Y,12,*06eys*
433,Junior Perez,OF,ATH,24.2,718,285,2018,2026,Y,12,*0558r*
434,Yeremi Cabrera,OF,TEX,20.2,555,121,2022,2027,Y,12,*06c3v*
435,Ixan Henderson,P,STL,23.7,491,56,2023,2026,Y,13,*06fzn*
436,Yorman Gomez,P,CLE,22.9,417,-19,2019,2026,,13,*061v6*
437,Nolan Schubart,"1B,OF",CLE,21.4,418,-19,2025,2027,,13,*05re4*
438,Joswa Lugo,SS,LAA,18.7,419,-19,2024,2028,,13,*06ica*
439,Wilber Dotel,P,PIT,23,567,128,2020,2026,Y,13,*05t5k*
440,Josh Kasevich,SS,TOR,24.7,421,-19,2022,2026,Y,13,*060if*
441,Yandel Ricardo,SS,KC,19,426,-15,2024,2028,Y,13,*06ibq*
442,Cameron Weston,P,BAL,25.1,423,-19,2022,2026,Y,13,*066b1*
443,Christian Franklin,OF,WSH,25.8,424,-19,2021,2025,Y,13,*05rb5*
444,Eduardo Beltre,OF,MIN,19,425,-19,2024,2027,Y,13,*06icc*
445,Creed Willems,"C,1B",BAL,22.3,628,183,2021,2025,Y,13,*05y3x*
446,Nathan Flewelling,C,TB,18.9,478,32,2024,2027,Y,13,*06o01*
447,Yordanny Monegro,P,BOS,22.9,428,-19,2020,2026,Y,13,*06c28*
448,Jackson Kent,P,WSH,22.6,429,-19,2024,2026,Y,13,*06nuj*
449,George Wolkow,OF,CHW,19.7,430,-19,2023,2026,Y,13,*05u2o*
450,Joendry Vargas,SS,LAD,19.9,432,-18,2023,2027,,13,*06625*
451,Lisbel Diaz,OF,SF,20.2,433,-18,2023,2026,,13,*06dvu*
452,Jansel Luis,"2B,3B,SS",ARI,20.6,895,443,2022,2027,,13,*061zn*
453,Griffin Herring,P,COL,22.4,435,-18,2024,2026,,13,*06owe*
454,Jake Bloss,P,TOR,24.3,436,-18,2023,Debuted,Y,13,*06dqi*
455,Jose Anderson,OF,MIL,18.8,437,-18,2024,2028,Y,13,*06me6*
456,Carson DeMartini,3B,PHI,22.8,438,-18,2024,2026,Y,13,*062ec*
457,Dean Moss,OF,TB,19.5,439,-18,2025,2028,,13,*05y9c*
458,Marshall Toole,OF,NYY,22.5,NR,NA,2024,2027,,13,*06qrq*
459,Maxton Martin,OF,TEX,20.4,512,53,2023,2027,Y,13,*06gjp*
460,Eric Hartman,OF,ATL,19.3,440,-20,2024,2027,Y,13,*06pi0*
461,Murf Gray,3B,PIT,21.8,442,-19,2025,2028,,13,*06mvg*
462,Ty Floyd,P,CIN,24.1,443,-19,2023,2027,,13,*05u2l*
463,Sammy Stafura,SS,PIT,20.9,444,-19,2023,2026,,13,*06c1m*
464,Josue Brito,OF,BOS,18.5,445,-19,2024,2028,,13,*06r3g*
465,Lucas Braun,P,ATL,24.1,565,100,2023,2026,Y,13,*06f18*
466,Drew Beam,P,KC,19.6,447,-19,2024,2026,Y,13,*060ig*
467,Jedixson Paez,P,BOS,21.7,448,-19,2021,2026,Y,13,*05xzr*
468,Gerelmi Maldonado,P,SF,21.8,576,108,2021,2027,,13,*0620s*
469,Henry Godbout,SS,BOS,21.9,449,-20,2025,2028,Y,13,*06am1*
470,Paulino Santana,OF,TEX,18.9,450,-20,2024,2027,Y,13,*06ho7*
471,Chase Davis,OF,STL,23.8,451,-20,2023,2026,,13,*05jrf*
472,Nate Furman,2B,SF,24.2,871,399,2022,2026,,13,*06487*
473,Chen-Wei Lin,P,STL,23.9,453,-20,2023,2026,,13,*06cn1*
474,C.J. Culpepper,P,MIN,23.9,454,-20,2022,2026,Y,13,*065j0*
475,Coleman Crow,P,MIL,24.8,456,-19,2019,2026,Y,13,*0569p*
476,Edgardo De Leon,3B,CHC,18.6,519,43,2024,2028,,13,*06mox*
477,Cristian Hernandez,"2B,SS",CHC,21.8,457,-20,2021,2026,Y,13,*05gwo*
478,Nick Cimillo,1B,PIT,25.6,906,428,2022,2026,Y,13,*066jm*
479,Rayven Antonio,P,ATL,19.6,459,-20,2023,2027,Y,13,*06rnz*
480,Eriq Swan,P,WSH,23.9,460,-20,2023,2026,Y,13,*06f0t*
481,Conor Essenburg,P,ATL,19,461,-20,2025,2028,,13,*06yk0*
482,Pedro Ibarguen,OF,MIL,19.2,NR,NA,2023,2028,Y,13,*06bpz*
483,Colton Ledbetter,OF,TB,23.9,576,93,2023,2025,Y,13,*0689z*
484,Jordan Yost,SS,DET,18.8,463,-21,2025,2028,,13,*06y4f*
485,James Ellwanger,P,MIN,21.4,464,-21,2025,2028,,13,*06iet*
486,Miguel Sime,P,WSH,18.4,465,-21,2025,2028,,13,*06ybd*
487,Michael Oliveto,C,DET,18.7,466,-21,2025,2028,,13,*06xwb*
488,Kane Kepley,OF,CHC,21.6,549,61,2025,2027,Y,13,*06qwv*
489,Blaine Bullard,OF,TOR,19.1,467,-22,2025,2028,,13,*070c6*
490,Gavin Cross,OF,KC,24.6,856,366,2022,2026,Y,13,*05tcd*
491,Ethan Wagner,OF,HOU,20.2,469,-22,2024,2027,Y,13,*06qq0*
492,Asbel Gonzalez,OF,KC,19.7,470,-22,2023,2026,Y,13,*06akw*
493,Jonathan Rangel,SS,MIL,18.6,471,-22,2024,2028,,13,*06yxg*
494,Tirso Ornelas,OF,SD,25.6,472,-22,2016,Debuted,,13,*04aov*
495,Denzer Guzman,SS,LAA,21.6,641,146,2021,2026,,13,*05m1b*
496,Victor Figueroa,1B,BAL,21.8,474,-22,2024,2027,,13,*06nv7*
497,Tony Blanco Jr.,UT,PIT,20.4,475,-22,2022,2027,Y,13,*05yci*
498,Deyvison De Los Santos,"1B,3B",MIA,22.3,476,-22,2019,2026,Y,13,*05nsq*
499,Kelvis Salcedo,P,DET,19.7,595,96,2023,2027,Y,13,*06m8k*
500,Luis Arana,"3B,SS",MIA,17.5,477,-23,2024,2029,,13,*06uwm*